subject	explanation	seed	level	grammaticality	age	language	comments	sent_with_corefs
0	he needed to buy something	John went to the store	0	good	26	English		John needed to buy something
0	he ran out of flour	John went to the store	1	good	26	English		John ran out of flour
0	he used all of the flour while baking pizza	John went to the store	2	good	26	English		John used all of the flour while baking pizza
0	the recipe called for the whole bag of flour	John went to the store	3	good	26	English		the recipe called for the whole bag of flour
0	a pizza requires the whole bag of flour	John went to the store	4	unknown	26	English		a pizza requires the whole bag of flour
0	he wanted to learn how to garden	Jack read a book about gardening	0	good	26	English		Jack wanted to learn how to garden
0	he wanted to grow his own vegetables	Jack read a book about gardening	1	good	26	English		Jack wanted to grow Jack's own vegetables
0	store bought vegetables were getting too expensive	Jack read a book about gardening	2	good	26	English		store bought vegetables were getting too expensive
0	the drought was longer than expected	Jack read a book about gardening	3	good	26	English		the drought was longer than expected
0	weather patterns are unpredictable	Jack read a book about gardening	4	unknown	26	English		weather patterns are unpredictable
0	she was hungry	Amy ate a sandwich	0	good	26	English		Amy was hungry
0	she hasn't eaten in 5 hours	Amy ate a sandwich	1	good	26	English		Amy hasn't eaten in 5 hours
0	she has been very busy all morning	Amy ate a sandwich	2	good	26	English		Amy has been very busy all morning
0	he babysitter called out sick at the last minute	Amy ate a sandwich	3	good	26	English		he babysitter called out sick at the last minute
0	the flu virus was going around	Amy ate a sandwich	4	unknown	26	English		the flu virus was going around
0	her old computer broke	Meg bought a new computer	0	good	26	English		Meg old computer broke
0	it was very old	Meg bought a new computer	1	good	26	English		Meg old computer was very old
0	meg hadn't any money to buy a new one in the past	Meg bought a new computer	2	good	26	English		meg hadn't any money to buy a new one in the past
0	she had been fired from her last job	Meg bought a new computer	3	good	26	English		Meg had been fired from Meg last job
0	the economy was doing poorly	Meg bought a new computer	4	unknown	26	English		the economy was doing poorly
0	he was hungry	Tom cooked dinner	0	good	26	English		Tom was hungry
0	it had been 6 hours since lunch	Tom cooked dinner	1	good	26	English		it had been 6 hours since lunch
0	tom didn't have any snacks between lunch & dinner	Tom cooked dinner	2	good	26	English		tom didn't have any snacks between lunch & dinner
0	he was trying to lose weight	Tom cooked dinner	3	unknown	26	English		Tom was trying to lose weight
1	she has a car to drive.	Maya drove to work	0	good	36	English	Thank you! Have a great day!	Maya has a car to drive
1	she earned the money to buy it.	Maya drove to work	1	good	36	English	Thank you! Have a great day!	Maya earned the money to buy it
1	she worked a job.	Maya drove to work	2	good	36	English	Thank you! Have a great day!	Maya worked a job
1	she needed an income.	Maya drove to work	3	good	36	English	Thank you! Have a great day!	Maya needed an income
1	she had to have money to survive.	Maya drove to work	4	unknown	36	English	Thank you! Have a great day!	Maya had to have money to survive
1	they were dirty.	Alex did the dishes	0	good	36	English	Thank you! Have a great day!	they were dirty
1	he used them to eat.	Alex did the dishes	1	good	36	English	Thank you! Have a great day!	Alex used them to eat
1	he needs food.	Alex did the dishes	2	good	36	English	Thank you! Have a great day!	Alex needs food
1	without food he will die.	Alex did the dishes	3	good	36	English	Thank you! Have a great day!	without food Alex will die
1	the body needs nutrition.	Alex did the dishes	4	unknown	36	English	Thank you! Have a great day!	the body needs nutrition
1	she was hungry.	Amy ate a sandwich	0	good	36	English	Thank you! Have a great day!	Amy was hungry
1	it was time for lunch.	Amy ate a sandwich	1	good	36	English	Thank you! Have a great day!	a sandwich was time for lunch
1	it was noon.	Amy ate a sandwich	2	good	36	English	Thank you! Have a great day!	it was noon
1	she looked at the clock.	Amy ate a sandwich	3	good	36	English	Thank you! Have a great day!	Amy looked at the clock
1	she was getting hungry.	Amy ate a sandwich	4	unknown	36	English	Thank you! Have a great day!	Amy was getting hungry
1	he wanted to grow a garden.	Jack read a book about gardening	0	good	36	English	Thank you! Have a great day!	Jack wanted to grow a garden
1	he wanted fresh produce.	Jack read a book about gardening	1	good	36	English	Thank you! Have a great day!	Jack wanted fresh produce
1	he could save money.	Jack read a book about gardening	2	good	36	English	Thank you! Have a great day!	Jack could save money
1	he would have his own source of food.	Jack read a book about gardening	3	good	36	English	Thank you! Have a great day!	Jack would have Jack's own source of food
1	he would grow the food.	Jack read a book about gardening	4	unknown	36	English	Thank you! Have a great day!	Jack would grow the food
1	he needed groceries.	John went to the store	0	good	36	English	Thank you! Have a great day!	John needed groceries
1	he had to have food in his house.	John went to the store	1	good	36	English	Thank you! Have a great day!	John had to have food in John's house
1	if he got hungry he would need access to food.	John went to the store	2	good	36	English	Thank you! Have a great day!	if John got hungry John would need access to food
1	he would be able to eat the food.	John went to the store	3	unknown	36	English	Thank you! Have a great day!	hungry John would be able to eat the food
2	she was hungry	Amy ate a sandwich	0	good	52	english		Amy was hungry
2	she hadn't eaten for several hours	Amy ate a sandwich	1	good	52	english		Amy hadn't eaten for several hours
2	she wasn't allowed to snack	Amy ate a sandwich	2	good	52	english		Amy wasn't allowed to snack
2	it would spoil her appetite	Amy ate a sandwich	3	good	52	english		Amy wasn't would spoil Amy appetite
2	eating makes her not hungry	Amy ate a sandwich	4	unknown	52	english		eating makes Amy not hungry
2	because he needed some things	John went to the store	0	good	52	english		because John needed some things
2	he was going to cook supper	John went to the store	1	good	52	english		John was going to cook supper
2	there was nothing ready to eat	John went to the store	2	good	52	english		there was nothing ready to eat
2	all the leftovers were gone	John went to the store	3	good	52	english		all the leftovers were gone
2	they had been eaten	John went to the store	4	unknown	52	english		they had been eaten
2	her old computer was antiquated	Meg bought a new computer	0	good	52	english		Meg old computer was antiquated
2	it was 10 years old	Meg bought a new computer	1	good	52	english		Meg old computer was 10 years old
2	it was made 10 years ago	Meg bought a new computer	2	good	52	english		Meg old computer was made 10 years ago
2	computers were in use at that time	Meg bought a new computer	3	good	52	english		computers were in use at that time
2	they had been invented and were useful	Meg bought a new computer	4	unknown	52	english		they had been invented and were useful
2	he wanted to plant a garden	Jack read a book about gardening	0	good	52	english		Jack wanted to plant a garden
2	he wanted to eliminate chemicals from his food	Jack read a book about gardening	1	good	52	english		Jack wanted to eliminate chemicals from Jack's food
2	chemicals can be bad for you	Jack read a book about gardening	2	good	52	english		chemicals can be bad for you
2	they haven't been adequately tested	Jack read a book about gardening	3	good	52	english		they haven't been adequately tested
2	government is controlled by business	Jack read a book about gardening	4	unknown	52	english		government is controlled by business
2	they were dirty	Alex did the dishes	0	good	52	english		they were dirty
2	they had been used	Alex did the dishes	1	good	52	english		they had been used
2	he didn't like eating off the table	Alex did the dishes	2	good	52	english		Alex didn't like eating off the table
2	it is too big	Alex did the dishes	3	unknown	52	english		it is too big
3	he is interested in it	Jack read a book about gardening	0	good	38	English	I had a good time with this one hope I get a good debriefing.	Jack is interested in a book
3	his grandfather was interested in it	Jack read a book about gardening	1	good	38	English	I had a good time with this one hope I get a good debriefing.	Jack's grandfather was interested in a book
3	he had to grow his own vegetables as a child	Jack read a book about gardening	2	good	38	English	I had a good time with this one hope I get a good debriefing.	Jack had to grow Jack's own vegetables as a child
3	his family had a small farm	Jack read a book about gardening	3	good	38	English	I had a good time with this one hope I get a good debriefing.	Jack's family had a small farm
3	they come from a long line of farmers	Jack read a book about gardening	4	unknown	38	English	I had a good time with this one hope I get a good debriefing.	they come from a long line of farmers
3	the tire was flat	Sam repaired his bicycle	0	good	38	English	I had a good time with this one hope I get a good debriefing.	the tire was flat
3	he ran over a nail	Sam repaired his bicycle	1	good	38	English	I had a good time with this one hope I get a good debriefing.	Sam ran over a nail
3	he was riding it through a warehouse parking lot	Sam repaired his bicycle	2	good	38	English	I had a good time with this one hope I get a good debriefing.	Sam was riding the tire through a warehouse parking lot
3	he wanted to see a girl who worked there	Sam repaired his bicycle	3	good	38	English	I had a good time with this one hope I get a good debriefing.	Sam wanted to see a girl who worked there
3	he was attracted to her	Sam repaired his bicycle	4	unknown	38	English	I had a good time with this one hope I get a good debriefing.	Sam was attracted to her
3	she had to go in on a weekend	Maya drove to work	0	good	38	English	I had a good time with this one hope I get a good debriefing.	Maya had to go in on a weekend
3	her boss called her and asked her to	Maya drove to work	1	good	38	English	I had a good time with this one hope I get a good debriefing.	Maya boss called Maya and asked Maya to
3	they were very behind on a project	Maya drove to work	2	good	38	English	I had a good time with this one hope I get a good debriefing.	they were very behind on a project
3	a winter storm had shut down their offices for several days	Maya drove to work	3	good	38	English	I had a good time with this one hope I get a good debriefing.	a winter storm had shut down their offices for several days
3	their city wasn't prepared for snow	Maya drove to work	4	unknown	38	English	I had a good time with this one hope I get a good debriefing.	their city wasn't prepared for snow
3	she was hungry	Amy ate a sandwich	0	good	38	English	I had a good time with this one hope I get a good debriefing.	Amy was hungry
3	she hadn't eaten breakfast	Amy ate a sandwich	1	good	38	English	I had a good time with this one hope I get a good debriefing.	Amy hadn't eaten breakfast
3	she was in a hurry this morning	Amy ate a sandwich	2	good	38	English	I had a good time with this one hope I get a good debriefing.	Amy was in a hurry this morning
3	she was late for a meeting	Amy ate a sandwich	3	good	38	English	I had a good time with this one hope I get a good debriefing.	Amy was late for a meeting
3	her alarm clock didn't go off	Amy ate a sandwich	4	unknown	38	English	I had a good time with this one hope I get a good debriefing.	Amy alarm clock didn't go off
3	he needed to buy eggs	John went to the store	0	good	38	English	I had a good time with this one hope I get a good debriefing.	John needed to buy eggs
3	he wanted to make a quiche	John went to the store	1	good	38	English	I had a good time with this one hope I get a good debriefing.	John wanted to make a quiche
3	his girlfriend was coming over that morning	John went to the store	2	good	38	English	I had a good time with this one hope I get a good debriefing.	John's girlfriend was coming over that morning
3	she wanted to see him before she left on a trip	John went to the store	3	unknown	38	English	I had a good time with this one hope I get a good debriefing.	John 's girlfriend wanted to see John before John 's girlfriend left on a trip
4	it is damaged and he needs it to get places	Sam repaired his bicycle	0	bad	27	English		his bicycle is damaged and Sam needs his bicycle to get places
4	NO_RESPONSE	Sam repaired his bicycle	1	unknown	27	English		NO_RESPONSE
4	her old one fell and broke	Meg bought a new computer	0	good	27	English		Meg old one fell and broke
4	she didn't set it securely on the counter	Meg bought a new computer	1	good	27	English		Meg old one didn't set one securely on the counter
4	she was in a hurry	Meg bought a new computer	2	good	27	English		Meg was in a hurry
4	she was late getting to work	Meg bought a new computer	3	good	27	English		Meg was late getting to work
4	her alarm didn't go off	Meg bought a new computer	4	unknown	27	English		Meg alarm didn't go off
4	it was a workday	Maya drove to work	0	good	27	English		it was a workday
4	it is Monday	Maya drove to work	1	good	27	English		it is Monday
4	NO_RESPONSE	Maya drove to work	2	unknown	27	English		NO_RESPONSE
4	he wants to start gardening	Jack read a book about gardening	0	good	27	English		Jack wants to start gardening
4	he wants to eat healthier	Jack read a book about gardening	1	good	27	English		Jack wants to eat healthier
4	his doctor said he should improve his diet	Jack read a book about gardening	2	good	27	English		Jack's doctor said he should improve his diet
4	his exam and reports weren't so positive	Jack read a book about gardening	3	good	27	English		Jack 's doctor's exam and reports weren t so positive
4	he doesn't exercise or eat too healthily	Jack read a book about gardening	4	unknown	27	English		he doesn't exercise or eat too healthily
4	he was hungry	Tom cooked dinner	0	good	27	English		Tom was hungry
4	he didn't eat lunch	Tom cooked dinner	1	good	27	English		Tom didn't eat lunch
4	he was too busy to eat	Tom cooked dinner	2	good	27	English		Tom was too busy to eat
4	he had an important project due	Tom cooked dinner	3	good	27	English		Tom had an important project due
4	he was given the responsibility 2 weeks earlier	Tom cooked dinner	4	unknown	27	English		Tom was given the responsibility 2 weeks earlier
4	she needed to send a letter	Jane went to the post office	0	good	27	English		Jane needed to send a letter
4	her brother's birthday was soon	Jane went to the post office	1	good	27	English		Jane brother's birthday was soon
4	he was born on a date close to the present date	Jane went to the post office	2	good	27	English		Jane brother was born on a date close to the present date
4	that is when his mother gave birth to him	Jane went to the post office	3	unknown	27	English		that is when Jane brother's mother gave birth to Jane brother
5	the chain slipped off the other day when riding home.	Sam repaired his bicycle	0	good	43	English	This was creative and cool.	the chain slipped off the other day when riding home
5	he shifted gears to fast	Sam repaired his bicycle	1	good	43	English	This was creative and cool.	Sam shifted gears to fast
5	he was somewhat careless	Sam repaired his bicycle	2	good	43	English	This was creative and cool.	Sam was somewhat careless
5	it had been a long day and he was tired	Sam repaired his bicycle	3	good	43	English	This was creative and cool.	it had been a long day and Sam was tired
5	he worked a full shift and then stayed late at his job	Sam repaired his bicycle	4	unknown	43	English	This was creative and cool.	Sam worked a full shift and then stayed late at Sam's job
5	she was hungry	Amy ate a sandwich	0	good	43	English	This was creative and cool.	Amy was hungry
5	she skipped breakfast	Amy ate a sandwich	1	good	43	English	This was creative and cool.	Amy skipped breakfast
5	she didn't have time to eat	Amy ate a sandwich	2	good	43	English	This was creative and cool.	Amy didn't have time to eat
5	she overslept and was late for school	Amy ate a sandwich	3	good	43	English	This was creative and cool.	Amy overslept and was late for school
5	she stayed up late studying for her test	Amy ate a sandwich	4	unknown	43	English	This was creative and cool.	Amy overslept stayed up late studying for Amy overslept test
5	she had an 8 hour shift today	Maya drove to work	0	good	43	English	This was creative and cool.	Maya had an 8 hour shift today
5	that is how the manager scheduled her	Maya drove to work	1	good	43	English	This was creative and cool.	that is how the manager scheduled Maya
5	she was one of the few people available to work that day	Maya drove to work	2	good	43	English	This was creative and cool.	Maya was one of the few people available to work that day
5	most of the employees ask for Sunday off	Maya drove to work	3	good	43	English	This was creative and cool.	most of the employees ask for Sunday off
5	they go to church and or like watching sports that day	Maya drove to work	4	unknown	43	English	This was creative and cool.	the employees go to church and or like watching sports that day
5	the sink was piled high with dirty dishes	Alex did the dishes	0	good	43	English	This was creative and cool.	the sink was piled high with dirty dishes
5	he had been too busy to wash them this week	Alex did the dishes	1	good	43	English	This was creative and cool.	Alex had been too busy to wash them this week
5	he had more than his usual commitments	Alex did the dishes	2	good	43	English	This was creative and cool.	Alex had more than Alex's usual commitments
5	it turned out that a lot of responsibilities fell heavy this week	Alex did the dishes	3	good	43	English	This was creative and cool.	it turned out that a lot of responsibilities fell heavy this week
5	it was simply random happenstance	Alex did the dishes	4	unknown	43	English	This was creative and cool.	a lot of responsibilities was simply random happenstance
5	he wanted to plant a garden in his backyard	Jack read a book about gardening	0	good	43	English	This was creative and cool.	Jack wanted to plant a garden in Jack's backyard
5	he felt like starting a new hobby	Jack read a book about gardening	1	good	43	English	This was creative and cool.	Jack felt like starting a new hobby
5	he was bored with his life	Jack read a book about gardening	2	good	43	English	This was creative and cool.	Jack was bored with Jack's life
5	it had become too routine	Jack read a book about gardening	3	unknown	43	English	This was creative and cool.	Jack 's life had become too routine
6	he was low on milk	John went to the store	0	good	41	English		John was low on milk
6	he had been using a lot of milk lately.	John went to the store	1	good	41	English		John had been using a lot of milk lately
6	he was drinking more coffee and he liked it better with a lot of milk.	John went to the store	2	good	41	English		John was drinking more coffee and John liked it better with a lot of milk
6	He was having trouble waking up in the morning	John went to the store	3	good	41	English		He was having trouble waking up in the morning
6	he was staying up too late at night	John went to the store	4	unknown	41	English		John was staying up too late at night
6	he was hungry	Tom cooked dinner	0	good	41	English		Tom was hungry
6	he hadn't eaten since lunch	Tom cooked dinner	1	good	41	English		Tom hadn't eaten since lunch
6	he doesn't like to snack between meals	Tom cooked dinner	2	good	41	English		Tom doesn't like to snack between meals
6	snacking leads to weight gain	Tom cooked dinner	3	good	41	English		snacking leads to weight gain
6	it adds more calories to burn off	Tom cooked dinner	4	unknown	41	English		weight gain adds more calories to burn off
6	it was too far to walk	Maya drove to work	0	good	41	English		it was too far to walk
6	she couldn't find a job closer to her home	Maya drove to work	1	good	41	English		Maya couldn't find a job closer to Maya home
6	she lived in a bedroom community	Maya drove to work	2	good	41	English		Maya lived in a bedroom community
6	she enjoyed the peace and quiet	Maya drove to work	3	good	41	English		Maya enjoyed the peace and quiet
6	she was able to relax better in quiet.	Maya drove to work	4	unknown	41	English		Maya was able to relax better in quiet
6	she was hungry	Amy ate a sandwich	0	good	41	English		Amy was hungry
6	she hadn't eaten since breakfast	Amy ate a sandwich	1	good	41	English		Amy hadn't eaten since breakfast
6	there was no time to eat	Amy ate a sandwich	2	good	41	English		there was no time to eat
6	she was at work	Amy ate a sandwich	3	good	41	English		Amy was at work
6	she has a job	Amy ate a sandwich	4	unknown	41	English		Amy has a job
6	he was interested in starting a garden	Jack read a book about gardening	0	good	41	English		Jack was interested in starting a garden
6	he wanted to cook with fresh vegetables	Jack read a book about gardening	1	good	41	English		Jack wanted to cook with fresh vegetables
6	he wanted to eat a healthier diet	Jack read a book about gardening	2	good	41	English		Jack wanted to eat a healthier diet
6	he wanted to maintain his health	Jack read a book about gardening	3	unknown	41	English		Jack wanted to maintain Jack's health
7	she needed one	Meg bought a new computer	0	good	35	English		Meg needed one
7	she was in school	Meg bought a new computer	1	good	35	English		Meg was in school
7	she wanted to better herself	Meg bought a new computer	2	good	35	English		Meg wanted to better herself
7	she wanted to travel	Meg bought a new computer	3	good	35	English		Meg wanted to travel
7	she wanted to see the world	Meg bought a new computer	4	unknown	35	English		Meg wanted to see the world
7	he wanted to plant a garden	Jack read a book about gardening	0	good	35	English		Jack wanted to plant a garden
7	he wanted organic vegetables	Jack read a book about gardening	1	good	35	English		Jack wanted organic vegetables
7	they were healthier	Jack read a book about gardening	2	good	35	English		they were healthier
7	they did not have pesticides on them	Jack read a book about gardening	3	good	35	English		they did not have pesticides on them
7	Jack would not use them	Jack read a book about gardening	4	unknown	35	English		Jack would not use them
7	he did not like messes	Alex did the dishes	0	good	35	English		Alex did not like messes
7	his mothe taught him to be clean	Alex did the dishes	1	good	35	English		Alex's mothe taught him to be clean
7	it was what she had been taught	Alex did the dishes	2	good	35	English		it was what she had been taught
7	her mother liked cleanliness	Alex did the dishes	3	good	35	English		her mother liked cleanliness
7	she just did	Alex did the dishes	4	unknown	35	English		her mother just did
7	she needed stamps	Jane went to the post office	0	good	35	English		Jane needed stamps
7	she wanted to mail sone postcards	Jane went to the post office	1	good	35	English		Jane wanted to mail sone postcards
7	she was on vacation	Jane went to the post office	2	good	35	English		Jane was on vacation
7	it was summer	Jane went to the post office	3	good	35	English		the post office was summer
7	it was July	Jane went to the post office	4	unknown	35	English		summer was July
7	it was Monday	Maya drove to work	0	good	35	English		it was Monday
7	yesterday was Sunday	Maya drove to work	1	good	35	English		yesterday was Sunday
7	the day before was Saturday	Maya drove to work	2	good	35	English		the day before was Saturday
7	NO_RESPONSE	Maya drove to work	3	unknown	35	English		NO_RESPONSE
8	her old one was obsolete 	Meg bought a new computer	0	good	31	english		Meg old one was obsolete 
8	technology is ever changing	Meg bought a new computer	1	good	31	english		technology is ever changing
8	developers come up with new technology frquently	Meg bought a new computer	2	good	31	english		developers come up with new technology frquently
8	consumers want it	Meg bought a new computer	3	good	31	english		consumers want Meg old one
8	they need it	Meg bought a new computer	4	unknown	31	english		they need consumers old one
8	she was hungry	Amy ate a sandwich	0	good	31	english		Amy was hungry
8	she hadn't eaten recently	Amy ate a sandwich	1	good	31	english		Amy hadn't eaten recently
8	she was busy	Amy ate a sandwich	2	good	31	english		Amy was busy
8	she was working	Amy ate a sandwich	3	good	31	english		Amy was working
8	she needs to provide for herself	Amy ate a sandwich	4	unknown	31	english		Amy needs to provide for herself
8	she had a package to send	Jane went to the post office	0	good	31	english		Jane had a package to send
8	she had a gift for someone but they were to far for her to bring it herself	Jane went to the post office	1	good	31	english		Jane had a gift for someone but they were to far for Jane to bring it herself
8	they lived in another state	Jane went to the post office	2	good	31	english		they lived in another state
8	they moved	Jane went to the post office	3	good	31	english		they moved
8	thats where the work was	Jane went to the post office	4	unknown	31	english		thats where the work was
8	he is starting a garden	Jack read a book about gardening	0	good	31	english		Jack is starting a garden
8	he wants to grow his own food	Jack read a book about gardening	1	good	31	english		Jack wants to grow Jack's own food
8	he prefers organic	Jack read a book about gardening	2	good	31	english		Jack prefers organic
8	its free of pesticides	Jack read a book about gardening	3	good	31	english		organic's free of pesticides
8	he doesnt use any	Jack read a book about gardening	4	unknown	31	english		Jack doesnt use any
8	she needed to get to work	Maya drove to work	0	good	31	english		Maya needed to get to work
8	her job requires her to be there	Maya drove to work	1	good	31	english		Maya job requires Maya to be there
8	thats where she does her work	Maya drove to work	2	good	31	english		thats where Maya does Maya work
8	thats her job	Maya drove to work	3	unknown	31	english		thats Maya job
9	they were dirty	Alex did the dishes	0	good	34	English		they were dirty
9	they had been used	Alex did the dishes	1	good	34	English		they had been used
9	Alex's family ate dinner on these dishes	Alex did the dishes	2	good	34	English		Alex's family ate dinner on these dishes
9	Alex's mother cooked dinner and they needed to eat on something	Alex did the dishes	3	good	34	English		Alex's mother cooked dinner and they needed to eat on something
9	people need something to eat on	Alex did the dishes	4	unknown	34	English		people need something to eat on
9	her old computer was slow	Meg bought a new computer	0	good	34	English		Meg old computer was slow
9	she had downloaded malware	Meg bought a new computer	1	good	34	English		Meg had downloaded malware
9	she thought 'bonzi buddy' was cute so she installed it	Meg bought a new computer	2	good	34	English		Meg thought  bonzi buddy  was cute so Meg installed Meg old computer
9	it was a lovable character that talked to her while she surfed the net	Meg bought a new computer	3	good	34	English		it was a lovable character that Meg to Meg while she surfed the net
9	the malware programmers thought people were more likely to install their malware if they disguised it as something that it wasn't	Meg bought a new computer	4	unknown	34	English		the malware programmers thought people were more likely to install their malware if they disguised it as something that it wasn't
9	Amy was hungry	Amy ate a sandwich	0	good	34	English		Amy was hungry
9	she handn't eaten since breakfast	Amy ate a sandwich	1	good	34	English		Amy handn't eaten since breakfast
9	she was at work	Amy ate a sandwich	2	good	34	English		Amy was at work
9	she had bills to pay so she worked for a living	Amy ate a sandwich	3	good	34	English		Amy had bills to pay so Amy worked for a living
9	things she needs to get by in life cost money	Amy ate a sandwich	4	unknown	34	English		things Amy needs to get by in life cost money
9	Jane had to mail a package	Jane went to the post office	0	good	34	English		Jane had to mail a package
9	her boyfriend lived on the other side of the country	Jane went to the post office	1	good	34	English		Jane boyfriend lived on the other side of the country
9	they met on the internet	Jane went to the post office	2	good	34	English		they met on the internet
9	she was shy and akward and had trouble dealing with people in person	Jane went to the post office	3	good	34	English		Jane was shy and akward and had trouble dealing with people in person
9	she had a large forehead which made her self conscious	Jane went to the post office	4	unknown	34	English		Jane had a large forehead which made Jane self conscious
9	John needed beer	John went to the store	0	good	34	English		John needed beer
9	he was going to watch the game	John went to the store	1	good	34	English		John was going to watch the game
9	his team was playing	John went to the store	2	good	34	English		John's team was playing
9	the NFL scheduled a game involving his team	John went to the store	3	unknown	34	English		the NFL scheduled a game involving John's team
10	she was hungry	Amy ate a sandwich	0	good	31	English	no	Amy was hungry
10	the body requires nutrients	Amy ate a sandwich	1	good	31	English	no	the body requires nutrients
10	nutrients provide energy	Amy ate a sandwich	2	good	31	English	no	nutrients provide energy
10	everything begins with physics	Amy ate a sandwich	3	good	31	English	no	everything begins with physics
10	the universe formed a certain way	Amy ate a sandwich	4	unknown	31	English	no	the universe formed a certain way
10	she wanted newer technology	Meg bought a new computer	0	good	31	English	no	Meg wanted newer technology
10	She cares about social status	Meg bought a new computer	1	good	31	English	no	She cares about social status
10	It is human nature to care about social status	Meg bought a new computer	2	good	31	English	no	It is human nature to care about social status
10	humans are a social species	Meg bought a new computer	3	good	31	English	no	humans are a social species
10	they find it easier to survive that way	Meg bought a new computer	4	unknown	31	English	no	they humans newer technology easier to survive that way
10	she wanted money	Maya drove to work	0	good	31	English	no	Maya wanted money
10	money can be exchanged for goods and services	Maya drove to work	1	good	31	English	no	money can be exchanged for goods and services
10	humans created something called the marketplace	Maya drove to work	2	good	31	English	no	humans created something called the marketplace
10	it makes it easier to survive	Maya drove to work	3	good	31	English	no	the marketplace makes the marketplace easier to survive
10	technology advances	Maya drove to work	4	unknown	31	English	no	technology advances
10	he was hungry	Tom cooked dinner	0	good	31	English	no	Tom was hungry
10	his body required nutrients	Tom cooked dinner	1	good	31	English	no	Tom's body required nutrients
10	his biochemical structure needs energy	Tom cooked dinner	2	good	31	English	no	Tom's biochemical structure needs energy
10	otherwise he would die	Tom cooked dinner	3	good	31	English	no	otherwise Tom would die
10	he wouldn't have energy	Tom cooked dinner	4	unknown	31	English	no	Tom wouldn't have energy
10	he wanted to buy things	John went to the store	0	good	31	English	no	John wanted to buy things
10	they make his life easier	John went to the store	1	good	31	English	no	they make John's life easier
10	they are technological advances	John went to the store	2	good	31	English	no	they are technological advances
10	they began as an idea	John went to the store	3	unknown	31	English	no	they began as an idea
11	the were dirty	Alex did the dishes	0	good	33	English	Cool survey	the were dirty
11	they were used gor dinner	Alex did the dishes	1	good	33	English	Cool survey	they were used gor dinner
11	they had to eat un plates	Alex did the dishes	2	good	33	English	Cool survey	the had to eat un plates
11	the dinner was done	Alex did the dishes	3	good	33	English	Cool survey	the dinner was done
11	he finished cooking	Alex did the dishes	4	unknown	33	English	Cool survey	he finished cooking
11	he needed some supplies	John went to the store	0	good	33	English	Cool survey	John needed some supplies
11	his house ran out of the supplies	John went to the store	1	good	33	English	Cool survey	John's house ran out of the supplies
11	they were used the day before	John went to the store	2	good	33	English	Cool survey	they were used the day before
11	the house needed cleaning	John went to the store	3	good	33	English	Cool survey	the house needed cleaning
11	the house was dirty	John went to the store	4	unknown	33	English	Cool survey	the house was dirty
11	she needs to pay her rent	Maya drove to work	0	good	33	English	Cool survey	Maya needs to pay Maya rent
11	she needs a place to live	Maya drove to work	1	good	33	English	Cool survey	Maya needs a place to live
11	she can't live on the street	Maya drove to work	2	good	33	English	Cool survey	Maya can t live on the street
11	she might get wet	Maya drove to work	3	good	33	English	Cool survey	Maya might get wet
11	there's no were to hide if it rains	Maya drove to work	4	unknown	33	English	Cool survey	there's no were to hide if a place rains
11	it got broken	Sam repaired his bicycle	0	good	33	English	Cool survey	his bicycle got broken
11	he was using it	Sam repaired his bicycle	1	good	33	English	Cool survey	Sam was using his bicycle
11	he needed to get to school	Sam repaired his bicycle	2	good	33	English	Cool survey	Sam needed to get to school
11	he needs to learn	Sam repaired his bicycle	3	good	33	English	Cool survey	Sam needs to learn
11	he will get a job eventually	Sam repaired his bicycle	4	unknown	33	English	Cool survey	Sam will get a job eventually
11	he wanted to plant	Jack read a book about gardening	0	good	33	English	Cool survey	Jack wanted to plant
11	he want fresh vegetables	Jack read a book about gardening	1	good	33	English	Cool survey	Jack want fresh vegetables
11	he can't afford the ones they sell on the supermarket	Jack read a book about gardening	2	good	33	English	Cool survey	Jack can t afford the ones they sell on the supermarket
11	they are to high price	Jack read a book about gardening	3	unknown	33	English	Cool survey	the ones are to high price
12	he was hungry	Tom cooked dinner	0	good	31	English	Interesting and fun experiment.	Tom was hungry
12	he did not eat since breakfast.	Tom cooked dinner	1	good	31	English	Interesting and fun experiment.	Tom did not eat since breakfast
12	he had meetings all day at work	Tom cooked dinner	2	good	31	English	Interesting and fun experiment.	Tom had meetings all day at work
12	he's working on a big project	Tom cooked dinner	3	good	31	English	Interesting and fun experiment.	Tom's working on a big project
12	the client wanted everything done very quickly	Tom cooked dinner	4	unknown	31	English	Interesting and fun experiment.	the client wanted everything done very quickly
12	she wanted something healthy	Amy ate a sandwich	0	good	31	English	Interesting and fun experiment.	Amy wanted something healthy
12	she is trying to lose to weight	Amy ate a sandwich	1	good	31	English	Interesting and fun experiment.	Amy is trying to lose to weight
12	she gained a few pounds over the winter	Amy ate a sandwich	2	good	31	English	Interesting and fun experiment.	Amy gained a few pounds over the winter
12	she injured her hip while running and had to take time off	Amy ate a sandwich	3	good	31	English	Interesting and fun experiment.	Amy injured Amy hip while running and had to take time off
12	she was training for a marathon	Amy ate a sandwich	4	unknown	31	English	Interesting and fun experiment.	Amy injured Amy hip was training for a marathon
12	her laptop was stolen	Meg bought a new computer	0	good	31	English	Interesting and fun experiment.	Meg laptop was stolen
12	she left it unattended at the coffee shop	Meg bought a new computer	1	good	31	English	Interesting and fun experiment.	Meg left Meg laptop unattended at the coffee shop
12	she went to grab a refill of coffee	Meg bought a new computer	2	good	31	English	Interesting and fun experiment.	Meg went to grab a refill of coffee
12	she needed more caffeine to stay awake to study	Meg bought a new computer	3	good	31	English	Interesting and fun experiment.	Meg needed more caffeine to stay awake to study
12	so she can get an A on the exam	Meg bought a new computer	4	unknown	31	English	Interesting and fun experiment.	so Meg can get an A on the exam
12	to mail her mother a card	Jane went to the post office	0	good	31	English	Interesting and fun experiment.	to mail Jane mother a card
12	it's her mother's birthday soon	Jane went to the post office	1	good	31	English	Interesting and fun experiment.	it's her mother's birthday soon
12	she was born on that day 60 years ago	Jane went to the post office	2	good	31	English	Interesting and fun experiment.	mail Jane mother a card was born on that day 60 years ago
12	her parents conceived her then	Jane went to the post office	3	good	31	English	Interesting and fun experiment.	Jane parents conceived mail Jane mother a card was born on that day 60 years ago because her parents then
12	they were in love and wanted to start a family	Jane went to the post office	4	unknown	31	English	Interesting and fun experiment.	Jane parents were in love and wanted to start a family
12	his wife cooks and he cleans	Alex did the dishes	0	good	31	English	Interesting and fun experiment.	Alex's wife cooks and Alex cleans
12	he's not a good cook and they split the chores	Alex did the dishes	1	good	31	English	Interesting and fun experiment.	Alex's not a good cook and wife cooks split the chores
12	he wants to help out around the house	Alex did the dishes	2	good	31	English	Interesting and fun experiment.	Alex wants to help out around the house
12	so that he doesn't feel useless	Alex did the dishes	3	unknown	31	English	Interesting and fun experiment.	so that Alex doesn't feel useless
13	he wanted plant some stuff in his backyard	Jack read a book about gardening	0	good	27	English		Jack wanted plant some stuff in Jack's backyard
13	he just recently bought a house with a backyard.	Jack read a book about gardening	1	good	27	English		Jack just recently bought a house with a backyard
13	his had a new born kid and they needed a bigger home.	Jack read a book about gardening	2	good	27	English		Jack's had a new born kid and they needed a bigger home
13	he loves his wife and they wanted to start a family together	Jack read a book about gardening	3	good	27	English		Jack loves Jack's wife and they wanted to start a family together
13	they felt in love	Jack read a book about gardening	4	unknown	27	English		they felt in love
13	he needs to make money.	Maya drove to work	0	good	27	English		he needs to make money
13	he needs to afford his rent	Maya drove to work	1	good	27	English		he needs to afford his rent
13	he needs to live there 	Maya drove to work	2	good	27	English		he needs to live there 
13	if he doesn't live there he won't have a place to live	Maya drove to work	3	good	27	English		if he doesn't live there he won't have a place to live
13	he doesn't want to be homless	Maya drove to work	4	unknown	27	English		he doesn't want to be homless
13	her old computer was getting slow 	Meg bought a new computer	0	good	27	English		Meg old computer was getting slow 
13	she downloaded a lot of crap on it	Meg bought a new computer	1	good	27	English		she downloaded a lot of crap on it
13	she doesn't know how to clean up her computer	Meg bought a new computer	2	good	27	English		Meg doesn't know how to clean up Meg computer
13	she's not that proficient in computer	Meg bought a new computer	3	good	27	English		Meg's not that proficient in computer
13	she never learn them	Meg bought a new computer	4	unknown	27	English		Meg never learn them
13	his gf cooked	Alex did the dishes	0	good	27	English		Alex's gf cooked
13	they needed to eat something	Alex did the dishes	1	good	27	English		they needed to eat something
13	humans need food to make eneregy	Alex did the dishes	2	good	27	English		humans need food to make eneregy
13	otherwise people would die	Alex did the dishes	3	good	27	English		otherwise people would die
13	they won't have any food to make energey	Alex did the dishes	4	unknown	27	English		humans won t have any food to make energey
13	she was hungry	Amy ate a sandwich	0	good	27	English		Amy was hungry
13	sh hasn't eaten since lunch	Amy ate a sandwich	1	good	27	English		sh hasn't eaten since lunch
13	she was caught up with work	Amy ate a sandwich	2	good	27	English		Amy was caught up with work
13	her client was being stupid and caused a lot of issue	Amy ate a sandwich	3	unknown	27	English		Amy client was being stupid and caused a lot of issue
14	the dishes were dirty.	Alex did the dishes	0	good	33	English	Thank you	the dishes were dirty
14	the family had eaten dinner.	Alex did the dishes	1	good	33	English	Thank you	the family had eaten dinner
14	they were all hungry.	Alex did the dishes	2	good	33	English	Thank you	they were all hungry
14	they had not eaten for a long time.	Alex did the dishes	3	good	33	English	Thank you	they had not eaten for a long time
14	they had had a busy day.	Alex did the dishes	4	unknown	33	English	Thank you	they had had a busy day
14	he was out of food.	John went to the store	0	good	33	English	Thank you	John was out of food
14	he had not been to the store for a long time	John went to the store	1	good	33	English	Thank you	John had not been to the store for a long time
14	he did not have much money	John went to the store	2	good	33	English	Thank you	John did not have much money
14	he had lost of his job recently	John went to the store	3	good	33	English	Thank you	John had lost of John's job recently
14	he was lazy 	John went to the store	4	unknown	33	English	Thank you	John was lazy 
14	she was hungry	Amy ate a sandwich	0	good	33	English	Thank you	Amy was hungry
14	she had not had breakfast	Amy ate a sandwich	1	good	33	English	Thank you	Amy had not had breakfast
14	she had overslept	Amy ate a sandwich	2	good	33	English	Thank you	Amy had overslept
14	she had been up all night	Amy ate a sandwich	3	good	33	English	Thank you	Amy had been up all night
14	she had a paper to write	Amy ate a sandwich	4	unknown	33	English	Thank you	Amy had a paper to write
14	he wanted to start his own garden	Jack read a book about gardening	0	good	33	English	Thank you	Jack wanted to start Jack's own garden
14	he wanted to grow fresh vegetables	Jack read a book about gardening	1	good	33	English	Thank you	Jack wanted to grow fresh vegetables
14	he was fat and worried about his health	Jack read a book about gardening	2	good	33	English	Thank you	Jack was fat and worried about Jack's health
14	he only ate junk food	Jack read a book about gardening	3	good	33	English	Thank you	Jack only ate junk food
14	he did not know how to cook for himself	Jack read a book about gardening	4	unknown	33	English	Thank you	Jack did not know how to cook for himself
14	she had to earn a paycheck	Maya drove to work	0	good	33	English	Thank you	Maya had to earn a paycheck
14	she had to pay her mortgage	Maya drove to work	1	good	33	English	Thank you	Maya had to pay Maya mortgage
14	she did not want to lose her home	Maya drove to work	2	good	33	English	Thank you	Maya did not want to lose Maya home
14	she did not want to be homeless	Maya drove to work	3	unknown	33	English	Thank you	Maya did not want to be homeless
15	she needed to spreadsheets at home.	Meg bought a new computer	0	good	27	english		Meg needed to spreadsheets at home
15	she works from home.	Meg bought a new computer	1	good	27	english		Meg works from home
15	her jobs lets her	Meg bought a new computer	2	good	27	english		Meg jobs lets Meg
15	they want to reduce work place stress	Meg bought a new computer	3	good	27	english		they want to reduce work place stress
15	The company has stressful working conditions	Meg bought a new computer	4	unknown	27	english		The company has stressful working conditions
15	 she wanted ice cream	John went to the store	0	good	27	english		 she wanted ice cream
15	she was craving ice cream	John went to the store	1	good	27	english		she was craving ice cream
15	 she's pregnant	John went to the store	2	good	27	english		craving ice cream because she 's pregnant she's pregnant
15	she had sex with a male	John went to the store	3	good	27	english		she had sex with a male
15	because it feels good	John went to the store	4	unknown	27	english		because sex with a male feels good
15	he was hosting tonight's football night	Tom cooked dinner	0	good	27	english		Tom was hosting tonight's football night
15	because his friends usually rotate between houses	Tom cooked dinner	1	good	27	english		because Tom's friends usually rotate between houses
15	it's a guys night out	Tom cooked dinner	2	good	27	english		it's a guys night out
15	their wives nag	Tom cooked dinner	3	good	27	english		Tom 's friends's wives nag
15	they don't pay attention to them	Tom cooked dinner	4	unknown	27	english		they don t pay attention Tom 's friends 's wives them
15	it was his chore	Alex did the dishes	0	good	27	english		it was Alex's chore
15	his parents said so	Alex did the dishes	1	good	27	english		Alex's parents said so
15	they pay the bills in the house	Alex did the dishes	2	good	27	english		Alex 's parents pay the bills in the house
15	 they are home owners	Alex did the dishes	3	good	27	english		 they are home owners
15	they wanted a home to start a family	Alex did the dishes	4	unknown	27	english		they wanted a home to start a family
15	it was broken	Sam repaired his bicycle	0	good	27	english		his bicycle was broken
15	he jumped off a ramp	Sam repaired his bicycle	1	good	27	english		Sam jumped off a ramp
15	it was fun	Sam repaired his bicycle	2	good	27	english		a ramp was fun
15	sam lives in middle of no where	Sam repaired his bicycle	3	unknown	27	english		sam lives in middle of no where
16	he wanted to start a garden	Jack read a book about gardening	0	good	31	English		Jack wanted to start a garden
16	he wanted fresh vegetables	Jack read a book about gardening	1	good	31	English		Jack wanted fresh vegetables
16	he wanted to start eating healthy	Jack read a book about gardening	2	good	31	English		Jack wanted to start eating healthy
16	to maintain a healthy body weight	Jack read a book about gardening	3	good	31	English		to maintain a healthy body weight
16	he wants to live longer	Jack read a book about gardening	4	unknown	31	English		Jack wants to live longer
16	his other one broke	Meg bought a new computer	0	good	31	English		his other one broke
16	he got a virus	Meg bought a new computer	1	good	31	English		he got a virus
16	he opened an email attatchment that infected his computer	Meg bought a new computer	2	good	31	English		he opened an email attatchment that infected his computer
16	he thought  it was from a friend	Meg bought a new computer	3	good	31	English		he thought a new computer it was from a friend
16	the email had his friends email and name	Meg bought a new computer	4	unknown	31	English		the email had a friend's friends email and name
16	it was broken in an accident	Sam repaired his bicycle	0	good	31	English		his bicycle was broken in an accident
16	he was hit by a car	Sam repaired his bicycle	1	good	31	English		Sam was hit by a car
16	the drver wasn't paying attention	Sam repaired his bicycle	2	good	31	English		the drver wasn't paying attention
16	he was looking at his cell phone	Sam repaired his bicycle	3	good	31	English		the drver was looking at the drver's cell phone
16	he was texting his friend	Sam repaired his bicycle	4	unknown	31	English		the drver was texting the drver's friend
16	it was his day to do them	Alex did the dishes	0	good	31	English		it was Alex's day to do them
16	his family has a chore chart	Alex did the dishes	1	good	31	English		Alex's family has a chore chart
16	every one needs to pitch in	Alex did the dishes	2	good	31	English		every one needs to pitch in
16	it is the fair thing to do	Alex did the dishes	3	good	31	English		it is the fair thing to do
16	it keeps the household fair	Alex did the dishes	4	unknown	31	English		one keeps the household fair
16	he was planning a party	John went to the store	0	good	31	English		John was planning a party
16	it was super bowl weekend	John went to the store	1	good	31	English		the store was super bowl weekend
16	the super bowl is on Sunday	John went to the store	2	good	31	English		the super bowl is on Sunday
16	that is when the NFL planned it	John went to the store	3	unknown	31	English		that is when the NFL planned it
17	Amy was hungry	Amy ate a sandwich	0	good	35	English		Amy was hungry
17	Amy hadn't eaten in hours.	Amy ate a sandwich	1	good	35	English		Amy hadn't eaten in hours
17	she had no money for food	Amy ate a sandwich	2	good	35	English		Amy had no money for food
17	she was robbed	Amy ate a sandwich	3	good	35	English		Amy was robbed
17	a burglar thought she had money	Amy ate a sandwich	4	unknown	35	English		a burglar thought Amy had money
17	he was interested in gardening	Jack read a book about gardening	0	good	35	English		Jack was interested in gardening
17	he wanted to start a garden	Jack read a book about gardening	1	good	35	English		Jack wanted to start a garden
17	he was interested in gardening	Jack read a book about gardening	2	good	35	English		Jack was interested in gardening
17	he wanted to start a garden	Jack read a book about gardening	3	good	35	English		Jack wanted to start a garden
17	he was interested in gardening	Jack read a book about gardening	4	unknown	35	English		Jack was interested in gardening
17	they needed to be done	Alex did the dishes	0	good	35	English		they needed to be done
17	they were dirty	Alex did the dishes	1	good	35	English		they were dirty
17	they had been used	Alex did the dishes	2	good	35	English		they had been used
17	food had been placed on them	Alex did the dishes	3	good	35	English		food had been placed on them
17	that's what you use dishes for	Alex did the dishes	4	unknown	35	English		that's what you use dishes for
17	it was broken	Sam repaired his bicycle	0	good	35	English		his bicycle was broken
17	it was used roughly	Sam repaired his bicycle	1	good	35	English		his bicycle was used roughly
17	the owner did not care for it	Sam repaired his bicycle	2	good	35	English		the owner did not care for his bicycle
17	the owner was a horrible person	Sam repaired his bicycle	3	good	35	English		the owner was a horrible person
17	he was brought up wrong	Sam repaired his bicycle	4	unknown	35	English		a horrible person was brought up wrong
17	raw dinner is unhealthy	Tom cooked dinner	0	good	35	English		raw dinner is unhealthy
17	you can die from eating raw meat	Tom cooked dinner	1	good	35	English		you can die from eating raw meat
17	bacteria on the meat can infect and kill you	Tom cooked dinner	2	good	35	English		bacteria on the meat can infect and kill you
17	that's what bacteria do	Tom cooked dinner	3	unknown	35	English		that's what bacteria do
18	he was asked to	Alex did the dishes	0	good	29	english		Alex was asked to
18	his mother wanted him to.	Alex did the dishes	1	good	29	english		Alex's mother wanted Alex to
18	she was tired.	Alex did the dishes	2	good	29	english		she was tired
18	she'd made the meal.	Alex did the dishes	3	good	29	english		mother wanted Alex to d made the meal
18	they needed to eat.	Alex did the dishes	4	unknown	29	english		they needed to eat
18	her old one was broken.	Meg bought a new computer	0	good	29	english		Meg old one was broken
18	it was old.	Meg bought a new computer	1	good	29	english		Meg old one was old
18	she'd bought it a long time ago.	Meg bought a new computer	2	good	29	english		Meg d bought it a long time ago
18	she needed one for school.	Meg bought a new computer	3	good	29	english		Meg needed one for school
18	she had essays to write.	Meg bought a new computer	4	unknown	29	english		Meg had essays to write
18	it interested him.	Jack read a book about gardening	0	good	29	english		a book interested Jack
18	he wondered how to grow vegetables.	Jack read a book about gardening	1	good	29	english		Jack wondered how to grow vegetables
18	he thought eating fresh vegetables would be good	Jack read a book about gardening	2	good	29	english		Jack thought eating fresh vegetables would be good
18	they are healthful.	Jack read a book about gardening	3	good	29	english		they are healthful
18	they provide nutrients	Jack read a book about gardening	4	unknown	29	english		they provide nutrients
18	he was hungry	Tom cooked dinner	0	good	29	english		Tom was hungry
18	he'd worked all day	Tom cooked dinner	1	good	29	english		Tom d worked all day
18	that was his job	Tom cooked dinner	2	good	29	english		that was Tom's job
18	he was offered that job	Tom cooked dinner	3	good	29	english		Tom was offered that job
18	he had expertise	Tom cooked dinner	4	unknown	29	english		Tom had expertise
18	he needed groceries	John went to the store	0	good	29	english		John needed groceries
18	he had eaten all his food	John went to the store	1	good	29	english		John had eaten all John's food
18	he hadn't been shopping in a while	John went to the store	2	good	29	english		John hadn't been shopping in a while
18	he didn't want to go shopping	John went to the store	3	unknown	29	english		John didn't want to go shopping
19	she needed to make money.	Maya drove to work	0	good	36	English	Thanks! That was fun. Sorry for some of the silly responses.	Maya needed to make money
19	 she had to pay her rent	Maya drove to work	1	good	36	English	Thanks! That was fun. Sorry for some of the silly responses.	Maya she had to Maya her rent
19	she had to have a place to live	Maya drove to work	2	good	36	English	Thanks! That was fun. Sorry for some of the silly responses.	Maya had to have a place to live
19	without a place to live she would be homeless	Maya drove to work	3	good	36	English	Thanks! That was fun. Sorry for some of the silly responses.	without a place to live Maya her rent would be homeless
19	she didn't have anywhere else to live	Maya drove to work	4	unknown	36	English	Thanks! That was fun. Sorry for some of the silly responses.	Maya her rent didn't have anywhere else to live
19	she was hungry	Amy ate a sandwich	0	good	36	English	Thanks! That was fun. Sorry for some of the silly responses.	Amy was hungry
19	she hadn't eaten in a long time	Amy ate a sandwich	1	good	36	English	Thanks! That was fun. Sorry for some of the silly responses.	Amy hadn't eaten in a long time
19	she forgot to eat while playing water polo	Amy ate a sandwich	2	good	36	English	Thanks! That was fun. Sorry for some of the silly responses.	Amy forgot to eat while playing water polo
19	your not supposed to eat while swimming	Amy ate a sandwich	3	good	36	English	Thanks! That was fun. Sorry for some of the silly responses.	your not supposed to eat while swimming
19	you can get stomach aches	Amy ate a sandwich	4	unknown	36	English	Thanks! That was fun. Sorry for some of the silly responses.	you can get stomach aches
19	he needed a gun	John went to the store	0	good	36	English	Thanks! That was fun. Sorry for some of the silly responses.	John needed a gun
19	people had been breaking into his house	John went to the store	1	good	36	English	Thanks! That was fun. Sorry for some of the silly responses.	people had been breaking into John's house
19	he had lots of gold	John went to the store	2	good	36	English	Thanks! That was fun. Sorry for some of the silly responses.	John had lots of gold
19	he invested in gold a long time ago	John went to the store	3	good	36	English	Thanks! That was fun. Sorry for some of the silly responses.	John invested in gold a long time ago
19	it was a good investment	John went to the store	4	unknown	36	English	Thanks! That was fun. Sorry for some of the silly responses.	a long time ago was a good investment
19	he wanted to mail a letter	Jane went to the post office	0	good	36	English	Thanks! That was fun. Sorry for some of the silly responses.	he wanted to mail a letter
19	he wanted to tell his ex-wife how much he disliked her	Jane went to the post office	1	good	36	English	Thanks! That was fun. Sorry for some of the silly responses.	he wanted to tell his ex-wife how much he disliked her
19	she was a bad person	Jane went to the post office	2	good	36	English	Thanks! That was fun. Sorry for some of the silly responses.	his ex-wife was a bad person
19	she told him he would never amount to anything	Jane went to the post office	3	good	36	English	Thanks! That was fun. Sorry for some of the silly responses.	his ex-wife told him he would never amount to anything
19	he didn't really amount to anything	Jane went to the post office	4	unknown	36	English	Thanks! That was fun. Sorry for some of the silly responses.	he didn't really amount to anything
19	it had a flat tire	Sam repaired his bicycle	0	good	36	English	Thanks! That was fun. Sorry for some of the silly responses.	his bicycle had a flat tire
19	he almost got in an accident	Sam repaired his bicycle	1	good	36	English	Thanks! That was fun. Sorry for some of the silly responses.	Sam almost got in an accident
19	he came around a corner to fast	Sam repaired his bicycle	2	good	36	English	Thanks! That was fun. Sorry for some of the silly responses.	Sam came around a corner to fast
19	he was trying to show off	Sam repaired his bicycle	3	unknown	36	English	Thanks! That was fun. Sorry for some of the silly responses.	Sam was trying to show off
20	she was scheduled to be there	Maya drove to work	0	good	36	English		Maya was scheduled to be there
20	it wasn't her day off.	Maya drove to work	1	good	36	English		it wasn't Maya day off
20	Her boss said she had to work	Maya drove to work	2	good	36	English		Her boss said Maya had to work
20	he needed her	Maya drove to work	3	good	36	English		Her boss needed Maya
20	the store was busy	Maya drove to work	4	unknown	36	English		the store was busy
20	he was hungry	Tom cooked dinner	0	good	36	English		Tom was hungry
20	he had not eaten lunch	Tom cooked dinner	1	good	36	English		Tom had not eaten lunch
20	the meeting ran late	Tom cooked dinner	2	good	36	English		the meeting ran late
20	there were a lot of disagreements	Tom cooked dinner	3	good	36	English		there were a lot of disagreements
20	no one could agree	Tom cooked dinner	4	unknown	36	English		no one could agree
20	He needed milk	John went to the store	0	good	36	English		He needed milk
20	the jug was empty	John went to the store	1	good	36	English		the jug was empty
20	someone drank it all	John went to the store	2	good	36	English		someone drank the jug all
20	they were thirsty	John went to the store	3	good	36	English		they were thirsty
20	it was hot outside	John went to the store	4	unknown	36	English		the jug was hot outside
20	it was broke	Sam repaired his bicycle	0	good	36	English		his bicycle was broke
20	he crashed it into a pole	Sam repaired his bicycle	1	good	36	English		Sam crashed his bicycle into a pole
20	he wasn't looking where he was going	Sam repaired his bicycle	2	good	36	English		Sam wasn't looking where Sam was going
20	he was daydreaming	Sam repaired his bicycle	3	good	36	English		Sam was daydreaming
20	he was thinking about a girl	Sam repaired his bicycle	4	unknown	36	English		Sam was thinking about a girl
20	her old one quit working	Meg bought a new computer	0	good	36	English		Meg old one quit working
20	lightning struck it	Meg bought a new computer	1	good	36	English		lightning struck one
20	she left it plugged in	Meg bought a new computer	2	good	36	English		Meg old one left one plugged in
20	she was in a hurry when she left	Meg bought a new computer	3	unknown	36	English		Meg old one was in a hurry when Meg old one left
21	she had to mail a letter.	Jane went to the post office	0	good	35	English	thank you very much	Jane had to mail a letter
21	she wanted to contact her aunt.	Jane went to the post office	1	good	35	English	thank you very much	Jane wanted to contact Jane aunt
21	her neice passed away.	Jane went to the post office	2	good	35	English	thank you very much	Jane neice passed away
21	she was sick.	Jane went to the post office	3	good	35	English	thank you very much	Jane neice was sick
21	she caught the bird flu.	Jane went to the post office	4	unknown	35	English	thank you very much	Jane caught the bird flu
21	he was hungry.	Tom cooked dinner	0	good	35	English	thank you very much	Tom was hungry
21	he hadn't eaten all day.	Tom cooked dinner	1	good	35	English	thank you very much	Tom hadn't eaten all day
21	he was busy.	Tom cooked dinner	2	good	35	English	thank you very much	Tom was busy
21	he was working on his car.	Tom cooked dinner	3	good	35	English	thank you very much	Tom was working on Tom's car
21	the engine blew up.	Tom cooked dinner	4	unknown	35	English	thank you very much	the engine blew up
21	the tire was flat.	Sam repaired his bicycle	0	good	35	English	thank you very much	the tire was flat
21	he ran over a nail.	Sam repaired his bicycle	1	good	35	English	thank you very much	Sam ran over a nail
21	he was riding on a bad road.	Sam repaired his bicycle	2	good	35	English	thank you very much	Sam was riding on a bad road
21	he had to take a detour.	Sam repaired his bicycle	3	good	35	English	thank you very much	Sam had to take a detour
21	the bridge was out.	Sam repaired his bicycle	4	unknown	35	English	thank you very much	the bridge was out
21	her old one broke.	Meg bought a new computer	0	good	35	English	thank you very much	Meg old one broke
21	she got a virus on it.	Meg bought a new computer	1	good	35	English	thank you very much	Meg old one got a virus on it
21	she clicked on a bad link.	Meg bought a new computer	2	good	35	English	thank you very much	Meg old one clicked on a bad link
21	it promised her money.	Meg bought a new computer	3	good	35	English	thank you very much	it promised one old one money
21	it was a scam.	Meg bought a new computer	4	unknown	35	English	thank you very much	one was a scam
21	it was quicker than walking.	Maya drove to work	0	good	35	English	thank you very much	it was quicker than walking
21	cars are faster than people.	Maya drove to work	1	good	35	English	thank you very much	cars are faster than people
21	they have engines.	Maya drove to work	2	good	35	English	thank you very much	people have engines
21	that is how they run.	Maya drove to work	3	unknown	35	English	thank you very much	that is how people run
22	she was hungry	Amy ate a sandwich	0	good	23	english		Amy was hungry
22	she had not eaten yet	Amy ate a sandwich	1	good	23	english		Amy had not eaten yet
22	she did not like breakfast	Amy ate a sandwich	2	good	23	english		Amy did not like breakfast
22	the eggs were too runny	Amy ate a sandwich	3	good	23	english		the eggs were too runny
22	they had not been cooked as long as she likes	Amy ate a sandwich	4	unknown	23	english		they had not been cooked as long as Amy likes
22	she needed to mail a letter	Jane went to the post office	0	good	23	english		Jane needed to mail a letter
22	she needed to let everyone know about her wedding date	Jane went to the post office	1	good	23	english		Jane needed to let everyone know about Jane wedding date
22	she wanted them to come to the wedding	Jane went to the post office	2	good	23	english		Jane wanted them to come to the wedding
22	she found their company pleasant	Jane went to the post office	3	good	23	english		Jane found their company pleasant
22	they were kind and friendly	Jane went to the post office	4	unknown	23	english		they were kind and friendly
22	the chain was broken	Sam repaired his bicycle	0	good	23	english		the chain was broken
22	it had caught on a stick while dirt biking	Sam repaired his bicycle	1	good	23	english		the chain had caught on a stick while dirt biking
22	he had not been careful enough	Sam repaired his bicycle	2	good	23	english		Sam had not been careful enough
22	He was biking with friends	Sam repaired his bicycle	3	good	23	english		He was biking with friends
22	it's much more fun to be with friends than alone	Sam repaired his bicycle	4	unknown	23	english		biking with friends's much more fun to be with friends than alone
22	he had a guest coming over	Tom cooked dinner	0	good	23	english		Tom had a guest coming over
22	he wanted to impress her	Tom cooked dinner	1	good	23	english		Tom wanted to impress her
22	he thought she was a kind woman	Tom cooked dinner	2	good	23	english		Tom thought she was a kind woman
22	he had seen her help a small boy when he fell down	Tom cooked dinner	3	good	23	english		Tom had seen a kind woman help a small boy when Tom fell down
22	the small boy had not been paying attention and tripped	Tom cooked dinner	4	unknown	23	english		the small boy had not been paying attention and tripped
22	her old computer had become obsolete	Meg bought a new computer	0	good	23	english		Meg old computer had become obsolete
22	it was ten years old	Meg bought a new computer	1	good	23	english		Meg old computer was ten years old
22	she had not been able to afford a new one before then	Meg bought a new computer	2	good	23	english		Meg had not been able to afford a new one before then
22	she had to pay off student loan debts	Meg bought a new computer	3	unknown	23	english		Meg had to pay off student loan debts
23	she was hungry	Amy ate a sandwich	0	good	23	English	It was fun and imaginative	Amy was hungry
23	she hadn't eaten all day	Amy ate a sandwich	1	good	23	English	It was fun and imaginative	Amy hadn't eaten all day
23	she was very busy	Amy ate a sandwich	2	good	23	English	It was fun and imaginative	Amy was very busy
23	she was planning her wedding	Amy ate a sandwich	3	good	23	English	It was fun and imaginative	Amy was planning Amy wedding
23	she is to be married in two months	Amy ate a sandwich	4	unknown	23	English	It was fun and imaginative	Amy is to be married in two months
23	his sink was full of dirty dishes	Alex did the dishes	0	good	23	English	It was fun and imaginative	Alex's sink was full of dirty dishes
23	he just made dinner	Alex did the dishes	1	good	23	English	It was fun and imaginative	Alex just made dinner
23	he was hungry	Alex did the dishes	2	good	23	English	It was fun and imaginative	Alex was hungry
23	he just came home from a long day at work	Alex did the dishes	3	good	23	English	It was fun and imaginative	Alex just came home from a long day at work
23	he had to work overtime	Alex did the dishes	4	unknown	23	English	It was fun and imaginative	Alex had to work overtime
23	he needed to buy groceries	John went to the store	0	good	23	English	It was fun and imaginative	John needed to buy groceries
23	he was out of several things	John went to the store	1	good	23	English	It was fun and imaginative	John was out of several things
23	he hadn't gone shopping for a while	John went to the store	2	good	23	English	It was fun and imaginative	John hadn't gone shopping for a while
23	he has been busy	John went to the store	3	good	23	English	It was fun and imaginative	John has been busy
23	he has a lot going on right now	John went to the store	4	unknown	23	English	It was fun and imaginative	John has a lot going on right now
23	the bus wasn't available today	Maya drove to work	0	good	23	English	It was fun and imaginative	the bus wasn't available today
23	it wasn't running today	Maya drove to work	1	good	23	English	It was fun and imaginative	the bus wasn't running today
23	the bus driver was sick	Maya drove to work	2	good	23	English	It was fun and imaginative	the bus driver was sick
23	there is a cold going around	Maya drove to work	3	good	23	English	It was fun and imaginative	there is a cold going around
23	people get sick	Maya drove to work	4	unknown	23	English	It was fun and imaginative	people get sick
23	the tire was flat	Sam repaired his bicycle	0	good	23	English	It was fun and imaginative	the tire was flat
23	he ran over a piece of glass	Sam repaired his bicycle	1	good	23	English	It was fun and imaginative	Sam ran over a piece of glass
23	somebody smashed a bottle in the street	Sam repaired his bicycle	2	good	23	English	It was fun and imaginative	somebody smashed a bottle in the street
23	some people are not considerate	Sam repaired his bicycle	3	unknown	23	English	It was fun and imaginative	some people are not considerate
24	he wants to start a garden	Jack read a book about gardening	0	good	27	English		Jack wants to start a garden
24	he would like to eat fresh fruit and vegetables	Jack read a book about gardening	1	good	27	English		Jack would like to eat fresh fruit and vegetables
24	he wants to be more healthy	Jack read a book about gardening	2	good	27	English		Jack wants to be more healthy
24	he wants to have a higher quality of living	Jack read a book about gardening	3	good	27	English		Jack wants to have a higher quality of living
24	he wants to be happier	Jack read a book about gardening	4	unknown	27	English		Jack wants to be happier
24	she enjoys driving	Maya drove to work	0	good	27	English		Maya enjoys driving
24	it's fun to her	Maya drove to work	1	good	27	English		it's fun to Maya
24	she enjoys the feel of the road	Maya drove to work	2	good	27	English		Maya enjoys the feel of the road
24	it's a pleasant experience	Maya drove to work	3	good	27	English		it's a pleasant experience
24	she can feel the power under her feet	Maya drove to work	4	unknown	27	English		Maya can feel the power under Maya feet
24	he wants to ride his bike	Sam repaired his bicycle	0	good	27	English		Sam wants to ride Sam's bike
24	he wants to exercise more	Sam repaired his bicycle	1	good	27	English		Sam wants to exercise more
24	he wants to get in shape	Sam repaired his bicycle	2	good	27	English		Sam wants to get in shape
24	he wants to live a healthier life	Sam repaired his bicycle	3	good	27	English		Sam wants to live a healthier life
24	he wants to feel better about himself	Sam repaired his bicycle	4	unknown	27	English		Sam wants to feel better about himself
24	he was hungry	Tom cooked dinner	0	good	27	English		Tom was hungry
24	he hadn't eaten all day	Tom cooked dinner	1	good	27	English		Tom hadn't eaten all day
24	he was busy	Tom cooked dinner	2	good	27	English		Tom was busy
24	he has a job	Tom cooked dinner	3	good	27	English		Tom has a job
24	he needs to pay his bills	Tom cooked dinner	4	unknown	27	English		Tom needs to pay Tom's bills
24	she needed one	Meg bought a new computer	0	good	27	English		Meg needed one
24	her work requires a computer	Meg bought a new computer	1	good	27	English		Meg work requires a computer
24	a lot of her work is online	Meg bought a new computer	2	good	27	English		a lot of Meg work is online
24	it's the nature of her profession	Meg bought a new computer	3	unknown	27	English		a lot of Meg work's the nature of Meg profession
25	it was time for her shift.	Maya drove to work	0	good	23	English	None at this time	it was time for Maya shift
25	she was scheduled to work today	Maya drove to work	1	good	23	English	None at this time	Maya was scheduled to work today
25	the manager thought it was best	Maya drove to work	2	good	23	English	None at this time	the manager thought it was best
25	the hours worked for everybody	Maya drove to work	3	good	23	English	None at this time	the hours worked for everybody
25	it didn't conflict with anyone	Maya drove to work	4	unknown	23	English	None at this time	the hours didn't conflict with anyone
25	she was hungry	Amy ate a sandwich	0	good	23	English	None at this time	Amy was hungry
25	she hasn't had a meal in hours	Amy ate a sandwich	1	good	23	English	None at this time	Amy hasn't had a meal in hours
25	she was busy running errands	Amy ate a sandwich	2	good	23	English	None at this time	Amy was busy running errands
25	today was the only day that was free	Amy ate a sandwich	3	good	23	English	None at this time	today was the only day that was free
25	the rest of the week she was working	Amy ate a sandwich	4	unknown	23	English	None at this time	the rest of the week Amy was working
25	he wanted to learn how to run a garden	Jack read a book about gardening	0	good	23	English	None at this time	Jack wanted to learn how to run a garden
25	he wanted some fresh vegetables	Jack read a book about gardening	1	good	23	English	None at this time	Jack wanted some fresh vegetables
25	they taste a lot better than store bought	Jack read a book about gardening	2	good	23	English	None at this time	they taste a lot better than store bought
25	they haven't been sitting	Jack read a book about gardening	3	good	23	English	None at this time	they haven't been sitting
25	they were freshly cut	Jack read a book about gardening	4	unknown	23	English	None at this time	they were freshly cut
25	he wanted something to eat	Tom cooked dinner	0	good	23	English	None at this time	Tom wanted something to eat
25	his stomach was making noises	Tom cooked dinner	1	good	23	English	None at this time	Tom's stomach was making noises
25	he didn't eat for a long time	Tom cooked dinner	2	good	23	English	None at this time	Tom didn't eat for a long time
25	the amount of work he had to finish	Tom cooked dinner	3	bad	23	English	None at this time	the amount of work Tom had to finish
25	he was putting it off	Tom cooked dinner	4	unknown	23	English	None at this time	Tom was putting the amount of work Tom off
25	it was broken	Sam repaired his bicycle	0	good	23	English	None at this time	his bicycle was broken
25	someone crashed it	Sam repaired his bicycle	1	good	23	English	None at this time	someone crashed his bicycle
25	they were being careless	Sam repaired his bicycle	2	good	23	English	None at this time	they were being careless
25	they didn't respect Sam	Sam repaired his bicycle	3	unknown	23	English	None at this time	they didn't respect Sam
26	he needed toilet paper.	John went to the store	0	good	51	English	This was pretty fun thanks!	John needed toilet paper
26	he had overnight guests	John went to the store	1	good	51	English	This was pretty fun thanks!	John had overnight guests
26	his best friend was in town	John went to the store	2	good	51	English	This was pretty fun thanks!	John's best friend was in town
26	he had a job interview	John went to the store	3	good	51	English	This was pretty fun thanks!	John 's best friend had a job interview
26	he recently left his wife	John went to the store	4	unknown	51	English	This was pretty fun thanks!	he recently John 's best friend's his wife
26	the bus service was unavailable	Maya drove to work	0	good	51	English	This was pretty fun thanks!	the bus service was unavailable
26	a large crater formed in the intersection	Maya drove to work	1	good	51	English	This was pretty fun thanks!	a large crater formed in the intersection
26	a water main broke	Maya drove to work	2	good	51	English	This was pretty fun thanks!	a water main broke
26	poor installation by the contractors	Maya drove to work	3	good	51	English	This was pretty fun thanks!	poor installation by the contractors
26	they underbid the job to get the work	Maya drove to work	4	unknown	51	English	This was pretty fun thanks!	the contractors underbid the job to get the work
26	his dishwasher was broken	Alex did the dishes	0	good	51	English	This was pretty fun thanks!	Alex's dishwasher was broken
26	his children had put crayons in it	Alex did the dishes	1	good	51	English	This was pretty fun thanks!	Alex's children had put crayons in Alex 's dishwasher
26	they didn't like the colors and wanted to change them	Alex did the dishes	2	good	51	English	This was pretty fun thanks!	they didn't like the colors and wanted to change them
26	they thought the colors were too dark	Alex did the dishes	3	good	51	English	This was pretty fun thanks!	children had put crayons in Alex 's dishwasher thought the colors were too dark
26	they were trying to draw pictures of snowflakes	Alex did the dishes	4	unknown	51	English	This was pretty fun thanks!	they were trying to draw pictures of snowflakes
26	the salad was unavailable	Amy ate a sandwich	0	good	51	English	This was pretty fun thanks!	the salad was unavailable
26	the lettuce was not shipped in time	Amy ate a sandwich	1	good	51	English	This was pretty fun thanks!	the lettuce was not shipped in time
26	a snow squall prevented the crop from being picked	Amy ate a sandwich	2	good	51	English	This was pretty fun thanks!	a snow squall prevented the crop from being picked
26	the workers could not access the fields	Amy ate a sandwich	3	good	51	English	This was pretty fun thanks!	the workers could not access the fields
26	large amounts of wet snow made the ground muddy	Amy ate a sandwich	4	unknown	51	English	This was pretty fun thanks!	large amounts of wet snow made the ground muddy
26	his auto was in the shop and he needed transportation	Sam repaired his bicycle	0	good	51	English	This was pretty fun thanks!	Sam's auto was in the shop and Sam needed transportation
26	he previously had been in an accident	Sam repaired his bicycle	1	good	51	English	This was pretty fun thanks!	Sam previously had been in an accident
26	an opposum with babies had crossed the highway as he was passing	Sam repaired his bicycle	2	good	51	English	This was pretty fun thanks!	an opposum with babies had crossed the highway as he was passing
26	there was a pack of coyotes moving from the hills towards them	Sam repaired his bicycle	3	unknown	51	English	This was pretty fun thanks!	there was a pack of coyotes moving from the hills towards babies
27	he was told to	Alex did the dishes	0	good	31	English	none	Alex was told to
27	his mom didn't want to do them.	Alex did the dishes	1	good	31	English	none	Alex's mom didn't want to do them
27	she was busy buying crack	Alex did the dishes	2	good	31	English	none	she was busy buying crack
27	shes an addict	Alex did the dishes	3	good	31	English	none	shes an addict
27	her father touched her	Alex did the dishes	4	unknown	31	English	none	her father touched her
27	it was broken	Sam repaired his bicycle	0	good	31	English	none	his bicycle was broken
27	someone tried to steal it	Sam repaired his bicycle	1	good	31	English	none	someone tried to steal his bicycle
27	they wanted crack money	Sam repaired his bicycle	2	good	31	English	none	they wanted crack money
27	they're an addict	Sam repaired his bicycle	3	good	31	English	none	they're an addict
27	they made some bad life choices	Sam repaired his bicycle	4	unknown	31	English	none	they made some bad life choices
27	he wanted to grow pot	Jack read a book about gardening	0	good	31	English	none	Jack wanted to grow pot
27	buying weed is expensive	Jack read a book about gardening	1	good	31	English	none	buying weed is expensive
27	the federal war on drugs has artificially inflated prices	Jack read a book about gardening	2	good	31	English	none	the federal war on drugs has artificially inflated prices
27	more risk equals more reward	Jack read a book about gardening	3	good	31	English	none	more risk equals more reward
27	people want to be paid for risking their lives	Jack read a book about gardening	4	unknown	31	English	none	people want to be paid for risking their lives
27	her old one was stolen	Meg bought a new computer	0	good	31	English	none	Meg old one was stolen
27	someone broke into her house	Meg bought a new computer	1	good	31	English	none	someone broke into Meg house
27	they wanted her things	Meg bought a new computer	2	good	31	English	none	they wanted Meg things
27	they could sell them for drugs	Meg bought a new computer	3	good	31	English	none	they could sell them for drugs
27	fence's don't ask a lot of questions	Meg bought a new computer	4	unknown	31	English	none	fence's don't ask a lot of questions
27	he wanted a steak	Tom cooked dinner	0	good	31	English	none	Tom wanted a steak
27	meat is delicious	Tom cooked dinner	1	good	31	English	none	meat is delicious
27	evolution designed us to derive nutrition from many sources	Tom cooked dinner	2	good	31	English	none	evolution designed us to derive nutrition from many sources
27	omnivores have a better chance of surviving in rapidly changing conditions	Tom cooked dinner	3	unknown	31	English	none	omnivores have a better chance of surviving in rapidly changing conditions
28	the chain fell off	Sam repaired his bicycle	0	good	25	English		the chain fell off
28	he was riding to fast	Sam repaired his bicycle	1	good	25	English		Sam was riding to fast
28	people were chasing him	Sam repaired his bicycle	2	good	25	English		people were chasing Sam
28	he robbed a bank	Sam repaired his bicycle	3	good	25	English		Sam robbed a bank
28	he needed money	Sam repaired his bicycle	4	unknown	25	English		Sam needed money
28	they were dirty	Alex did the dishes	0	good	25	English		they were dirty
28	nobody else cleaned them	Alex did the dishes	1	good	25	English		nobody else cleaned them
28	they are lazy	Alex did the dishes	2	good	25	English		they are lazy
28	Alex lets them be lazy	Alex did the dishes	3	good	25	English		Alex lets them be lazy
28	he has no back bone	Alex did the dishes	4	unknown	25	English		Alex has no back bone
28	her old one was slow	Meg bought a new computer	0	good	25	English		Meg old one was slow
28	it was old	Meg bought a new computer	1	good	25	English		Meg old one was old
28	she bought it years ago	Meg bought a new computer	2	good	25	English		Meg bought Meg old one years ago
28	she hasn't bought one since then	Meg bought a new computer	3	good	25	English		Meg hasn't bought one since then
28	she didn't have the money	Meg bought a new computer	4	unknown	25	English		Meg didn't have the money
28	she was hungry	Amy ate a sandwich	0	good	25	English		Amy was hungry
28	she hadn't eaten	Amy ate a sandwich	1	good	25	English		Amy hadn't eaten
28	she was busy	Amy ate a sandwich	2	good	25	English		Amy was busy
28	she had to work	Amy ate a sandwich	3	good	25	English		Amy had to work
28	she needed money	Amy ate a sandwich	4	unknown	25	English		Amy needed money
28	she needed to mail something	Jane went to the post office	0	good	25	English		Jane needed to mail something
28	NO_RESPONSE	Jane went to the post office	1	unknown	25	English		NO_RESPONSE
28	it was to far to walk	Maya drove to work	0	good	25	English		it was to far to walk
28	NO_RESPONSE	Maya drove to work	1	unknown	25	English		NO_RESPONSE
29	it was broken	Sam repaired his bicycle	0	good	27	English		his bicycle was broken
29	he had crashed and bent the fender	Sam repaired his bicycle	1	good	27	English		Sam had crashed and bent the fender
29	he wasn't paying attention to where he was going	Sam repaired his bicycle	2	good	27	English		Sam wasn't paying attention to where Sam was going
29	he saw a pretty girl	Sam repaired his bicycle	3	good	27	English		Sam saw a pretty girl
29	she was wearing a red dress	Sam repaired his bicycle	4	unknown	27	English		she was wearing a red dress
29	he wanted to learn how to grow vegetables	Jack read a book about gardening	0	good	27	English		Jack wanted to learn how to grow vegetables
29	the vegetables at the store weren't very good	Jack read a book about gardening	1	good	27	English		the vegetables at the store weren't very good
29	they were covered in pesticides	Jack read a book about gardening	2	good	27	English		they were covered in pesticides
29	there had been a problem with pests that season	Jack read a book about gardening	3	good	27	English		there had been a problem with pests that season
29	the weather was unseasonably warm	Jack read a book about gardening	4	unknown	27	English		the weather was unseasonably warm
29	he needed milk	John went to the store	0	good	27	English		John needed milk
29	he wanted cereal for breakfast	John went to the store	1	good	27	English		John wanted cereal for breakfast
29	he had no more oatmeal	John went to the store	2	good	27	English		John had no more oatmeal
29	he ate all of the oatmeal earlier in the week	John went to the store	3	good	27	English		John ate all of the oatmeal earlier in the week
29	it was his favorite breakfast food	John went to the store	4	unknown	27	English		it the week John's favorite breakfast food
29	they were dirty	Alex did the dishes	0	good	27	English		they were dirty
29	he had made a complicated dinner the night before	Alex did the dishes	1	good	27	English		Alex had made a complicated dinner the night before
29	he had a date that night	Alex did the dishes	2	good	27	English		Alex had a date that night
29	he'd called around to see if a friend of his was available	Alex did the dishes	3	good	27	English		Alex d called around to see if a friend of Alex's was available
29	he'd always found her cute	Alex did the dishes	4	unknown	27	English		a friend of Alex d always found her cute
29	he was hungry	Tom cooked dinner	0	good	27	English		Tom was hungry
29	He'd skipped lunch	Tom cooked dinner	1	good	27	English		He'd skipped lunch
29	he was very busy at work	Tom cooked dinner	2	good	27	English		Tom was very busy at work
29	there were many projects going on	Tom cooked dinner	3	unknown	27	English		there were many projects going on
